filename,combined_serial,backgrounds,armoredbody,armored,oldtoys
MLTeNdDYyMo4.png,MLTeNdDYyMo4,MLT,eNd,DYy,Mo4
KsoeNdld61xt.png,KsoeNdld61xt,Kso,eNd,ld6,1xt
ktUeNdld61xt.png,ktUeNdld61xt,ktU,eNd,ld6,1xt
eaBeNdld6sxj.png,eaBeNdld6sxj,eaB,eNd,ld6,sxj
ktUeNdDYypaX.png,ktUeNdDYypaX,ktU,eNd,DYy,paX
LXneNdDYy0mx.png,LXneNdDYy0mx,LXn,eNd,DYy,0mx
RRCeNdld60mx.png,RRCeNdld60mx,RRC,eNd,ld6,0mx
MLTeNdDYySV2.png,MLTeNdDYySV2,MLT,eNd,DYy,SV2
AHOjIsDYyOjD.png,AHOjIsDYyOjD,AHO,jIs,DYy,OjD
Jrh9hVld68Or.png,Jrh9hVld68Or,Jrh,9hV,ld6,8Or
19s9hVDYyJ9s.png,19s9hVDYyJ9s,19s,9hV,DYy,J9s
eaB9hVld6OjD.png,eaB9hVld6OjD,eaB,9hV,ld6,OjD
KsojIsld6ke1.png,KsojIsld6ke1,Kso,jIs,ld6,ke1
MLTjIsDYyMQS.png,MLTjIsDYyMQS,MLT,jIs,DYy,MQS
AHOeNdDYyDoJ.png,AHOeNdDYyDoJ,AHO,eNd,DYy,DoJ
eaB9hVDYyO00.png,eaB9hVDYyO00,eaB,9hV,DYy,O00
Ojk9hVld62BR.png,Ojk9hVld62BR,Ojk,9hV,ld6,2BR
JrhjIsDYyke1.png,JrhjIsDYyke1,Jrh,jIs,DYy,ke1
MO5eNdld6OjD.png,MO5eNdld6OjD,MO5,eNd,ld6,OjD
MO5jIsDYyO00.png,MO5jIsDYyO00,MO5,jIs,DYy,O00
eaB9hVDYyGJX.png,eaB9hVDYyGJX,eaB,9hV,DYy,GJX
QR6jIsDYyAgN.png,QR6jIsDYyAgN,QR6,jIs,DYy,AgN
RRCeNdld6iCp.png,RRCeNdld6iCp,RRC,eNd,ld6,iCp
ktU9hVDYyJ9s.png,ktU9hVDYyJ9s,ktU,9hV,DYy,J9s
KsoeNdDYy1xt.png,KsoeNdDYy1xt,Kso,eNd,DYy,1xt
GBBeNdld62BR.png,GBBeNdld62BR,GBB,eNd,ld6,2BR
ktU9hVld68Or.png,ktU9hVld68Or,ktU,9hV,ld6,8Or
4Ze9hVDYyfsU.png,4Ze9hVDYyfsU,4Ze,9hV,DYy,fsU
RRC9hVld6ceN.png,RRC9hVld6ceN,RRC,9hV,ld6,ceN
RRC9hVDYyceN.png,RRC9hVDYyceN,RRC,9hV,DYy,ceN
Q5WjIsld6MQS.png,Q5WjIsld6MQS,Q5W,jIs,ld6,MQS
LXn9hVDYyBJT.png,LXn9hVDYyBJT,LXn,9hV,DYy,BJT
Ojk9hVld6BvK.png,Ojk9hVld6BvK,Ojk,9hV,ld6,BvK
eaBeNdDYy2BR.png,eaBeNdDYy2BR,eaB,eNd,DYy,2BR
LXn9hVDYy4Ot.png,LXn9hVDYy4Ot,LXn,9hV,DYy,4Ot
LXneNdDYyBvK.png,LXneNdDYyBvK,LXn,eNd,DYy,BvK
19s9hVDYyO00.png,19s9hVDYyO00,19s,9hV,DYy,O00
6mneNdDYy2BR.png,6mneNdDYy2BR,6mn,eNd,DYy,2BR
RRC9hVDYyGJX.png,RRC9hVDYyGJX,RRC,9hV,DYy,GJX
eaB9hVDYyJQU.png,eaB9hVDYyJQU,eaB,9hV,DYy,JQU
AHOjIsDYyceN.png,AHOjIsDYyceN,AHO,jIs,DYy,ceN
KsoeNdld60mx.png,KsoeNdld60mx,Kso,eNd,ld6,0mx
LXn9hVld6ke1.png,LXn9hVld6ke1,LXn,9hV,ld6,ke1
LXneNdld6ke1.png,LXneNdld6ke1,LXn,eNd,ld6,ke1
19seNdDYyO00.png,19seNdDYyO00,19s,eNd,DYy,O00
KsojIsDYyGJX.png,KsojIsDYyGJX,Kso,jIs,DYy,GJX
6mn9hVDYyMo4.png,6mn9hVDYyMo4,6mn,9hV,DYy,Mo4
QR6jIsld6SV2.png,QR6jIsld6SV2,QR6,jIs,ld6,SV2
MLT9hVDYyDoJ.png,MLT9hVDYyDoJ,MLT,9hV,DYy,DoJ
ktUjIsDYy8uQ.png,ktUjIsDYy8uQ,ktU,jIs,DYy,8uQ
